,query,url
0,респиратор,catalog/respiratory/
1,шуруповерт,catalog/akkumulyatornye-dreli-shurupoverty/
2,болгарка,catalog/2-46/0/
3,компрессор,catalog/kompressory/
4,генератор,catalog/5-81/
5,степлер,catalog/steplery/
6,лобзик,catalog/lobziky/
7,бензопила,catalog/benzopily/
8,перфоратор,catalog/perforatory/
9,реноватор,catalog/mnogofunkcionalnyi-instrument/
10,dewalt,producer/dewalt/
11,фрезер,catalog/2-45/0/
12,краскопульт,catalog/kraskopulty/
13,снегоуборщик,catalog/snegouborschiki/
14,мультиметр,catalog/multimetry-testery/
15,ушм,catalog/2-46/0/
16,пылесос,catalog/pylesosy/
17,плиткорез,catalog/ehlektro-plitkorezy/
18,гирлянда,catalog/girlyandy/
19,терморегулятор,catalog/termoreguljatory/
20,einhell,producer/einhell/
21,бензопилы,catalog/benzopily/
22,сверло,catalog/sverla/
23,домкрат,catalog/domkraty/
24,струбцина,catalog/strubciny/
25,тиски,catalog/tiski/
26,топор,catalog/topory/
27,конвектор,catalog/konvektory/
28,штроборез,catalog/shtroborezy/
29,гайковерт,catalog/gajkoverty/
30,станок,catalog/9-0/
31,насос,catalog/nasosy/
32,дрель,catalog/elektricheskiye-dreli/
33,dremel,producer/dremel/
34,паяльник,catalog/pajalniki/
35,кабель,catalog/provoda-kabeli/
36,фреза,catalog/frezy/
37,стабилизатор,catalog/stabilizatory-naprjazhenija/
38,водонагреватель,catalog/5019-0/
39,пила,catalog/nozhovki-ruchnye/
40,органайзер,catalog/organaizery/
41,триммер,catalog/trimmery/
42,обогреватель,catalog/5008-0/
43,гравер,catalog/gravery/
44,розетка,catalog/rozetki/
45,karcher,producer/karcher/
46,стремянка,catalog/stairs-ladders-towers/
47,bosch,producer/bosch/
48,бокорезы,catalog/bokorezy/
49,hammer,producer/hammer/
50,перчатки,catalog/perchatki-rabochie-rukavitcy/
51,stihl,producer/stihl/
52,тепловентилятор,catalog/teploventiljatory-obogrevateli/
53,точило,catalog/tochila/
54,опрыскиватель,catalog/opryskivateli/
55,кримпер,catalog/krimpery/
56,канистра,catalog/kanistry/
57,молоток,catalog/molotki/
58,рулетка,catalog/ruletki/
59,штангенциркуль,catalog/shtangentcirkuli/
60,штангенциркуль,catalog/linejki-shtangencirkuli/
61,фонарь,catalog/fonari/
62,лампа,catalog/lampy/
63,миксер,catalog/stroitelnyye-miksery/
64,бетономешалка,catalog/betonomeshalki/
65,провод,catalog/provoda-kabeli/
66,стусло,catalog/ruchnoe-stuslo/
67,удлинитель,catalog/udliniteli/
68,коронка,catalog/koronki-chashki/
69,пилы,catalog/nozhovki-ruchnye/
70,рубанок,catalog/rubanki/
71,электроды,catalog/jelektrody/
72,электроды,catalog/instrumenty-santehnika/
73,fiskars,producer/fiskars/
74,торцовочная,catalog/torcovochnye-pily/
75,полотенцесушитель,catalog/polotencesushiteli/
76,колун,catalog/topory-koluny/
77,квт,producer-1392/
78,полуавтомат,catalog/svarochnie-poluavtomati/
79,worx,producer/worx/
80,wester,producer/wester/
81,мотобур,catalog/motobury/
82,отвертка,catalog/otvertki/
83,верстак,catalog/verstaki/
84,вытяжка,catalog/vyatazhki/
85,фен,catalog/stroitelnye-feny/
86,шуруповёрт,catalog/akkumulyatornye-dreli-shurupoverty/
87,greenworks,/producer-1992/
88,kraftool,producer/kraftool/
89,генераторы,catalog/5-81/
90,стриппер,catalog/kleshhi-dlja-snjatija-izoljacii/
91,стриппер,catalog/klewi/
92,заклепочник,catalog/zaklepochniki/
93,прожектор,catalog/prozhektory/
94,газонокосилка,catalog/gazonokosilki/
95,лопата,catalog/lopaty/
96,бур,catalog/bury/
97,вибратор,catalog/glubinnye-vibratory/
98,вибратор,catalog/vibroplity/
99,вилка,catalog/vilki/
100,пассатижи,catalog/passatizhi/
101,пассатижи,catalog/passatizhi-ploskogubcy/
102,вентилятор,catalog/ventiljatory/
103,конвекторы,catalog/konvektory/
104,напильник,catalog/napilniki/
105,гриндер,catalog/lentochno-shlifovalnye-stanki/
106,сверла,catalog/sverla/
107,мотокультиватор,catalog/kultivatory/
108,борфреза,catalog/borfrezy/
109,борфреза,catalog/nasadki/
110,распиратор,catalog/respiratory/
111,пушка,catalog/teplovye-pushki/
112,мультитул,catalog/Multitools/
113,толщиномер,catalog/tolshhinomer/
114,толщиномер,catalog/Other-measuring-instruments/
115,проволока,catalog/provoloka-svarochnaja/
116,фрезы,catalog/frezy/
117,тепловизор,catalog/teplovizory/
118,зенкер,catalog/zenkera/
119,щетки,catalog/wetki-ugolnye/
120,трубогиб,catalog/trubogib/
121,виброплита,catalog/vibroplity/
122,маска,catalog/svarochnye-maski/
123,триммера,catalog/trimmery/
124,угломер,catalog/uglomery-uklonomery/
125,масло,catalog/masla-smazki-tehnicheskaja-himija/
126,цепь,catalog/pilnye-tsepi/
127,рейсмус,catalog/stanki-rejsmusovye/
128,рейсмус,catalog/linejki-shtangencirkuli/
129,таль,catalog/tali-telfery/
130,бита,catalog/bity/
131,герметик,catalog/germetiki/
132,краска,catalog/lakokrasochnye-materialy/
133,краска,catalog/avtokosmetika-avtohimiya/
134,мегадор,producer/megador/
135,кондуктор,catalog/konduktory-dlya-sverleniya/
136,зубр,producer/zubr/
137,нейлер,catalog/steplery-pnevmaticheskie/
138,щетка,catalog/wetki-ugolnye/
139,клещи,catalog/klewi/
140,циркулярная,catalog/pily-cirkuljarnye/
141,fubag,producer/fubag/
142,угольник,catalog/ugolniki/
143,воздуходувка,catalog/vozduhoduvki/
144,электропила,catalog/pily-cepnye-elektricheskie/
145,манометр,catalog/manometri/
146,станки,catalog/9-0/
147,thorvik,/producer-2056/
148,штангельциркуль,catalog/shtangentcirkuli/
149,пирометр,catalog/izmeriteli-temperatury/
150,бензогенератор,catalog/benzinovye-generatory/
151,вольтметр,catalog/multimetry-testery/
152,экстрактор,catalog/extractors/
153,отвертки,catalog/otvertki/
154,knipex,producer/knipex/
155,мотоблок,catalog/motobloki/
156,мотоблок,catalog/kultivatory_motobloki/
157,электролобзик,catalog/lobziky/
158,elitech,producer/elitech/
159,выключатель,catalog/vykljuchateli-sveta/
160,timberk,producer/timberk/
161,лебедка,catalog/lebedki-tali/
162,сумка,catalog/sumki-dlya-instrumenta/
163,пена,catalog/30-951/0/
164,биты,catalog/bity/
165,компрессометр,catalog/diagnostika-avtomobilya/
166,секатор,catalog/sekatory-suchkorezy/
167,труборез,catalog/truborezy/
168,припой,catalog/6-974/
169,тестер,catalog/multimetry-testery/
170,узо,catalog/avtomaticheskie-vykljuchateli/
171,skrab,producer/skrab/
172,краски,catalog/lakokrasochnye-materialy/
173,краски,catalog/avtokosmetika-avtohimiya/
174,очки,catalog/zashchitnye-ochki/
175,мешки,catalog/8-795/0/
176,диммер,catalog/jelektroustanovka/
177,радиатор,catalog/radiatory-otoplenija/
178,патрон,catalog/patrony-dlja-drelej/
179,пистолет для монтажной пены,catalog/skeletnye-pistolety-dlja-montazhnoj-peny-germetika/
180,метчик,catalog/metchiki/
181,дальномер,catalog/dalnomery/
182,ножовка,catalog/nozhovki-ruchnye/
183,счетчик,catalog/schetchiki-litrov/
184,компресор,catalog/kompressory/
185,гвозди,catalog/gvozdi/
186,carver,producer/carver/
187,саморез,catalog/samorezy/
188,саморез,catalog/samorezy-i-shurupy/
189,каска,catalog/kaski-shlemy/
190,валик,catalog/valiki-i-roliki-maliarnye/
191,тесла,producer/tesla/
192,thetford,producer/Thetford/
193,измельчитель,catalog/izmelchiteli/
194,уголок,catalog/perforirovannye-ugolki/
195,преобразователь,catalog/preobrazovateli-naprjazhenija-invertory/
196,цанга,catalog/cangi/
197,смеситель,catalog/smesiteli/
198,poxipol,producer-1283/
199,кусачки,catalog/kusachki/
200,сцепка,catalog/navesnoe-oborudovanie/
201,фитинг,catalog/fitingy-pnevmaticheskiye/
202,инвертор,catalog/svarochie-apparati-invertori/
203,инвертор,catalog/preobrazovateli-naprjazhenija-invertory/
204,gross,producer/gross/
205,респиратор респиратор,catalog/respiratory/
206,плазморез,catalog/apparaty-plazmennoj-rezki/
207,плазморез,catalog/5-83/0/
208,кувалда,catalog/kuvalda/
209,кувалда,catalog/molotki/
210,саморезы,catalog/samorezy/
211,саморезы,catalog/samorezy-i-shurupy/
212,подшипник,catalog/podshipniki/
213,клей,catalog/klej/
214,berger,producer/berger/
215,kress,producer/kress/
216,споттер,catalog/oborudovanie-dlya-remonta-kuzova/
217,стружкоотсос,catalog/struzhkootsosy/
218,кордщетки,catalog/kordwetki/
219,электрорубанок,catalog/2-44/0/
220,станок для заточки цепей,catalog/zatochnye-stanki-dlja-cepej-benzopil/
221,горелка,catalog/svarochnye-gorelki-rezaki/
222,виброшлифмашина,catalog/ploskie-shlifovalnye-mashiny/
223,спецодежда,catalog/29-0/
224,шлифмашинка,catalog/2-47/0/
225,нивелир,catalog/niveliry/
226,болт,catalog/bolti/
227,стружкоотсосы,catalog/struzhkootsosy/
228,шлифмашина,catalog/2-47/0/
229,ящик,catalog/sumki-chehly-kejsy/
230,шпатель,catalog/shpateli/
231,шпатель,catalog/vspomogatelnyi-maliarnyi-instrument/
232,стамеска,catalog/stameski/
233,наушники,catalog/naushniki/
234,надфиль,catalog/napilniki/
235,gardena,/producer-2598/
236,eps,producer/eps/
237,ибп,catalog/istochniki-besperebojnogo-pitanija/
238,фонарик,catalog/fonari/
239,лопата для уборки снего,catalog/snegovye-lopaty/
240,гильотина,catalog/gilotinnye-nozhnicy/
241,гильотина,catalog/Uzkospecializirovannye-stanki/
242,топоры,catalog/topory/
243,клупп,catalog/kluppi/
244,клупп,catalog/instrumenty-santehnika/
245,дюбель,catalog/dubely/
246,пинцет,catalog/prochij-ruchnoj-instrument/
247,костюм,catalog/kostiumy/
248,лом,catalog/lomy/
249,лом,catalog/gvozdodery-lomy-montirovki/
250,тачка,catalog/sadovye-tachki/
251,станок для гибки арматуры,catalog/gibshchiki-armatury/
252,воды,catalog/30-951/0/
253,просекатель,catalog/cleshchi-dlia-skrepleniia-profilei/
254,просекатель,catalog/instrumenty-santehnika/
255,изолента,catalog/izolenta/
256,interskol,producer/interskol/
257,краги,catalog/kragi/
258,краги,catalog/perchatki-rabochie-rukavitcy/
259,iek,producer/iek/
260,гравера,catalog/gravery/
261,штатив,catalog/shtativ/
262,штатив,/producer-2021/
263,батарейка,catalog/akkumulyatory-batareiki/
264,гофра,catalog/truby-dlya-ehlektroprovodki/?f=p16373__2155621339#h1
265,пароочиститель,catalog/paroochistiteli/
266,струбцины,catalog/strubciny/
267,кордщетка,catalog/kordwetki/
268,термометр,catalog/termometry/
269,мотокоса,catalog/motokosi/
270,ресанта,producer/resanta/
271,сабельная,catalog/sabelnye-pily/
272,плашка,catalog/plashki/
273,щипцы для зачистки электропроводов,catalog/klewi/
274,сучкорез,catalog/suchkorezy/
275,калорифер,catalog/teplovye-pushki/
276,розетки,catalog/rozetki/
277,пояс,catalog/sumki/
278,аэрограф,catalog/aerografi/
279,wagner,producer/wagner/
280,вороток 1 4,catalog/vorotki-privodi-treschetki/
281,компрессоры,catalog/kompressory/
282,аэрографа,catalog/aerografi/
283,сверл,catalog/sverla/
284,отвёртки,catalog/otvertki/
285,высоторез,catalog/vysotorezy/
286,высоторез,catalog/kustorezy/
287,циркулярной,catalog/pily-cirkuljarnye/
288,бензорез,catalog/5-88/0/
289,аэратор,catalog/ajeratory-dlja-smesitelja/
290,гайколом,catalog/prochij-ruchnoj-instrument/
291,рубильник,catalog/avtomaticheskie-vykljuchateli/
292,g lauf,/producer-3263/
293,aeg,producer/aeg/
294,ремни,catalog/remni/
295,ridgid,producer/ridgid/
296,электродвигатель,catalog/18-972/0/
297,жилет,catalog/zhilety-rabochie/
298,насосы,catalog/nasosy/
299,автомойка,catalog/moiky-opryskivateli/
300,stayer,producer/stayer/
301,esab,producer/esab/
302,пневмостеплер,catalog/steplery-pnevmaticheskie/
303,цепи,catalog/pilnye-tsepi/
304,драйвер,catalog/jelektromontazh/
305,redmond,producer/redmond/
306,стяжки,catalog/homuti/
307,festool,/producer-2747/
308,goodyear,/producer-2075/
309,отвёртка,catalog/otvertki/
310,манометр 1 2,catalog/manometri/
311,instrumax,producer/instrumax/
312,maktec,producer/maktec/
313,condtrol,producer/condtrol/
314,ареометр,catalog/instrument-dlya-remonta-dvigatelya/
315,реле,catalog/rele-i-kontaktory/
316,плоскогубцы,catalog/passatizhi-ploskogubcy/
317,сварог,producer/svarog/
318,трос,catalog/trosy-dlya-lebedok-talej/
319,santool,producer/santool/
320,гигрометр,catalog/Other-measuring-instruments/
321,наждачная,catalog/shkurka-shlifovalnaja/
322,предохранитель,catalog/predokhraniteli/
323,трещетка,catalog/vorotki-privodi-treschetki/
324,штроборезы,catalog/shtroborezy/
325,биотуалет,catalog/biotualety/
326,веревка,catalog/35-970/
327,champion,producer/champion/
328,смазка,catalog/smazki/
329,хомут,catalog/homuti/
330,аквафор,producer/aquaphor/
331,wiederkraft,producer/wiederkraft/
332,насос погружной для скважин,catalog/nasosy-dlya-skvazhin/
333,скарификатор,catalog/ajeratory-skarifikatory/
334,подъемник,catalog/podemniki/
335,съемник,catalog/pullers/
336,удлинители,catalog/udliniteli/
337,электрогирлянды,catalog/girlyandy/
338,nilfisk,producer/nilfisk/
339,бойлер,catalog/nakopitelnye_vodonagrevateli_bojlery/
340,скобы,catalog/skoby-dlja-steplera/
341,дровокол,catalog/drovokoly/
342,домкраты,catalog/domkraty/
343,виброрейка,catalog/vibroplity/
344,кипятильник,catalog/kipyatilniki/
345,сальник,catalog/salniki/
346,правило,catalog/vspomogatelnyi-maliarnyi-instrument/
347,чайник,catalog/chainiki-electricheskie/
348,плашка 3 4,catalog/plashki/
349,magnum,producer-1304/
350,микрометр,catalog/mikrometry/
351,станки для заточки цепей,catalog/zatochnye-stanki-dlja-cepej-benzopil/
352,видеодомофон,catalog/videodomofony/
353,опрыскиватели,catalog/opryskivateli/
354,torx m,catalog/kliuchi-torx/
355,зернодробилка,catalog/zernodrobilki/
356,станок для заточки цепи,catalog/zatochnye-stanki-dlja-cepej-benzopil/
357,наконечники,catalog/nakonechniki-kabelnye/
358,ffp3,catalog/respiratory-s-klassom-zashchity-ffp3/
359,распылитель,catalog/opryskivateli/
360,клупп 1 2,catalog/kluppi/
361,клупп 1 2,catalog/instrumenty-santehnika/
362,наждак,catalog/shkurka-shlifovalnaja/
363,швабра,catalog/uborochnyj-inventar/
364,клеммы,catalog/klemma-zazemlenija/
365,сверлить,catalog/sverla/
366,плашка 1 2,catalog/plashki/
367,кондиционер,catalog/kondicionery/
368,рация,catalog/ratsii/
369,лупа,catalog/41-1210/
370,лупа,catalog/prochij-ruchnoj-instrument/
371,энкор,producer/jenkor/
372,шарик,catalog/shary/
373,автомат,catalog/avtomaticheskie-vykljuchateli/
374,ставр,producer/stavr/
375,ледоруб,catalog/ledorubi-skrebki/
376,свеча,catalog/svechi/
377,трансформатор,catalog/transformatory/
378,лак,catalog/lakokrasochnye-materialy/
379,лак,catalog/avtokosmetika-avtohimiya/
380,зажим,catalog/zazhimy-ruchnye/
381,гайкорезы,catalog/prochij-ruchnoj-instrument/
382,штуцер,catalog/shtutsery-dlya-shlangov/
383,электрод,catalog/jelektrody/
384,электрод,catalog/instrumenty-santehnika/
385,скрепер,catalog/lopaty/
386,luxar,/producer-2409/
387,унитаз,catalog/unitazy/
388,унитаз,catalog/unitazy-bide-pissuary/
389,электрокотел,catalog/kotly-jelektricheskie/
390,гидроаккумулятор,catalog/nasosy/
391,шуруп,catalog/shurupy/
392,toro,/producer-1851/
393,unipump,/producer-2062/
394,пневмоинструмента,catalog/11-0/
395,снегоуборщики,catalog/snegouborschiki/
396,дрели,catalog/elektricheskiye-dreli/
397,kipor,producer/kipor/
398,бензобур,catalog/motobury/
399,jet,producer/jet/
400,grundfos,producer/grundfos/
401,болгарки,catalog/2-46/0/
402,шаблон,catalog/rezbonareznoj-istrument/
403,циркулярка,catalog/pily-cirkuljarnye/
404,eiv hammer,producer/hammer/
405,тэн,catalog/plitki/
406,пылеуловитель,catalog/pyleuloviteli/
407,a ipower,/producer-3251/
408,шарошка,catalog/sharoshki-po-metallu/
409,курвиметр,catalog/kurvimetry/
410,воздуховод,catalog/8-738/0/
411,ёршик,catalog/aksessuary-dlja-vannoj-komnaty/
412,wert,producer-859/
413,пеногенератор,catalog/penogeneratory-dlya-moek/
414,rothenberger,producer/rotherberger/
415,винтоверт,catalog/vintoverty/
416,монтировка,catalog/montirovki/
417,комбинезон,catalog/kombinezony-rabochie/
418,рюкзак,catalog/rukzaki/
419,замок,catalog/zamki/
420,замок,/producer-3110/
421,foxweld,producer/foxweld/
422,sdmo,producer/sdmo/
423,пневмоинструмент,catalog/11-0/
424,термос,catalog/termosy/
425,отпугиватель,catalog/otpugivately/
426,наконечник,catalog/nakonechniki-kabelnye/
427,заклёпочник,catalog/zaklepochniki/
428,шнек,catalog/shneki/
429,рации,catalog/ratsii/
430,люк,catalog/revizionnye-i-santekhnicheskie-lyuki/
431,лопаты,catalog/lopaty/
432,влагомер,catalog/vlagomer/
433,лубрикатор,catalog/lubrikatory/
434,бормашина,catalog/gravery/
435,перфораторы,catalog/perforatory/
436,пробойник,catalog/probojnik/
437,ввг,catalog/kabeli-vvg/
438,батарейка aa,catalog/akkumulyatory-batareiki/
439,низ,/producer-2278/
440,лампочки,catalog/lampy/
441,patriot,/producer-1860/
442,кисть,catalog/kisti-maliarnye/
443,осушитель,catalog/avtokosmetika-avtohimiya/
444,пульверизатор,catalog/2-55/0/
445,пульверизатор,catalog/opryskivateli/
446,электрокотлы,catalog/kotly-jelektricheskie/
447,батарейки aa,catalog/akkumulyatory-batareiki/
448,полотно для сабельной пилы,catalog/polotna-dlya-sabelnyh-pil/
449,стеклорез,catalog/steklorezy/
450,стеклорез,catalog/nozhi-ruchnye/
451,домофон,catalog/videodomofony/
452,зенковка,catalog/instrumenty-santehnika/
453,болторез,catalog/kusachki-dlia-armatury/
454,болторез,catalog/kusachki/
455,шкурка,catalog/shkurka-shlifovalnaja/
456,skil,producer/skil/
457,флюс,catalog/flus/
458,балеринка,catalog/balerinki/
459,балеринка,catalog/plitkorezy-ruchnye/
460,шайба,catalog/shayby/
461,конденсатор,catalog/kondensatory/
462,рохля,catalog/gidravlicheskie-telezhki/
463,свёрла,catalog/sverla/
464,valtec,producer/valtec/
465,обогреватели,catalog/5008-0/
466,трансформаторы,catalog/transformatory/
467,пояльник,catalog/pajalniki/
468,кратон,producer/kraton/
469,турбощетка,catalog/31-925/0/
470,шлем,catalog/kaski-shlemy/
471,проводки,catalog/razemy-adaptery/
472,stalex,producer/stalex/
473,напильник 4 8,catalog/napilniki/
474,telwin,producer/telwin/
475,гирлянды,catalog/girlyandy/
476,лампочка,catalog/lampy/
477,torx,catalog/kliuchi-torx/
478,пьедестал,catalog/rakoviny-umyvalniki/
479,neptun,/producer-3011/
480,шина для пилы цепной,catalog/shiny-dlja-cepnyh-pil/
481,ведро,catalog/vedra/
482,senator,producer/senator/
483,излив,catalog/izlivy-gusaki-dlia-smesitelei/
484,излив,catalog/komponenty-smesitelej/
485,philips,producer/philips/
486,маркёр,catalog/marker-razmetochnyj/
487,торнадо,producer-682/
488,дозиметр,catalog/4-955/0/
489,вымпел,/producer-2325/
490,фитолампа,catalog/fitolampy-dlya-rastenij/
491,мышеловка,catalog/otpugivately/
492,биде,catalog/bide/
493,биде,catalog/unitazy-bide-pissuary/
494,радиаторы,catalog/radiatory-otoplenija/
495,паркетка,catalog/pily-cirkuljarnye/
496,газонокосилки,catalog/gazonokosilki/
497,клемма 6 3,catalog/klemma-zazemlenija/
498,циклон,catalog/ciklonnye-pylesosy/
499,huter,producer/huter/
500,220в,/producer-3220/
501,hanskonner,/producer-2476/
502,бетономешалки,catalog/betonomeshalki/
503,статор,catalog/statory/
504,кусторез,catalog/kustorezy/
505,ротор,catalog/rotory/
506,matrix,producer/matrix/
507,гвоздодеры гвоздодеры,catalog/gvozdodery-lomy-montirovki/
508,струбцина f,catalog/strubciny/
509,электростанция,catalog/5-81/0/
510,бетоносмеситель,catalog/betonomeshalki/
511,скотч,catalog/lenta-universalnaja/
512,скотч,catalog/vspomogatelnyi-maliarnyi-instrument/
513,контактор,catalog/avtomaticheskie-vykljuchateli/
514,gce,/producer-2119/
515,фотореле,catalog/electrician/
516,стамески,catalog/stameski/
517,сифон,catalog/sifony-dlia-rakoviny/
518,сифон,catalog/sifony-vypuski-prajsy/
519,jeta,producer/jet/
520,reg,/producer-3175/
521,люстра,catalog/lustry/
522,big,producer/big/
523,аккурат,producer/Accurate/
524,рукав,catalog/prochij-ruchnoj-instrument/
525,proxxon,producer/proxxon/
526,заклепки,catalog/zaklepki/
527,ideal,/producer-3355/
528,теплопушка,catalog/teplovye-pushki/
529,удлинитель 1 4,catalog/udliniteli/
530,опрессовщик,catalog/opressovshchiki/
531,опрессовщик,catalog/instrumenty-santehnika/
532,стержни для клей пистолетов,catalog/6-496/0/
533,rigger,producer/rigger/
534,зеркало,catalog/zerkala-v-vannuiu-komnatu/
535,гвоздодер,catalog/gvozdodery-lomy-montirovki/
536,electrolux,producer/electrolux/
537,kwb,producer/kwb/
538,garden,/producer-2598/
539,диски пильные по дереву,catalog/krugi-pilnye-tverdosplavnye-po-derevu/
540,верстаки,catalog/verstaki/
541,шлифмашинки,catalog/2-47/0/
542,mechanic,/producer-2338/
543,штабелер,catalog/shtabelery/
544,клт,catalog/krugi-lepestkovye/
545,жало,catalog/pajalniki/
546,rucelf,producer/rucelf/
547,шприц,catalog/shpricy-dlya-smazki/
548,зубило,catalog/zubila-piki/
549,дивертор,catalog/divertory/
550,redverg,producer/redverg/
551,выколотка,catalog/vykolotki/
552,uniel,producer/uniel/
553,анкер,catalog/ankera/
554,предфильтр,catalog/respiratory/
555,кабель 2×1 5,catalog/provoda-kabeli/
556,пневмопистолет,catalog/pistoleti-pnevmaticheskie/
557,фрез,catalog/frezy/
558,водосгон,catalog/schetki-sgony-skrebki/
559,севкабель,producer/sevkabel/
560,рулетки,catalog/ruletki/
561,мегеон,/producer-2103/
562,autovirazh,/producer-2513/
563,беруши,catalog/berushi-zatychki/
564,dometic,producer-1263/
565,пылесборник,catalog/uborochnyj-inventar/
566,наконечник 0 8,catalog/nakonechniki-kabelnye/
567,navigator,producer-482/
568,кабелерез,catalog/kabelerezy/
569,кабелерез,catalog/kusachki/
570,шурупы,catalog/shurupy/
571,увлажнитель,catalog/uvlazhniteli-vozduha/
572,сапоги,catalog/sapogi-rabochie/
573,трещётка,catalog/vorotki-privodi-treschetki/
574,фрезеры,catalog/2-45/0/
575,растворитель,catalog/ochistiteli/
576,линейка,catalog/lineiki/
577,monolith,/producer-2301/
578,карабин,catalog/poiasa-kanaty-stropy/
579,минидрели,catalog/gravery/
580,клемма,catalog/klemma-zazemlenija/
581,шарошки,catalog/sharoshki-po-metallu/
582,вилы,catalog/vily/
583,вилы,catalog/vily-grably/
584,амперметр,catalog/multimetry-testery/
585,утеплитель,catalog/aksessuary-dlja-avtomobilja/
586,shtil,producer/stihl/
587,палатка,catalog/palatki/
588,съёмник,catalog/pullers/
589,свёрлы,catalog/sverla/
590,koshin,/producer-2329/
591,кейс,catalog/sumki-chehly-kejsy/
592,антизапотеватель,catalog/avtokosmetika-avtohimiya/
593,брусок,catalog/aksessuary-dlya-grilei/
594,подарки,catalog/7-165/0/
595,культиваторы,catalog/kultivatory_motobloki/
596,тент,catalog/19-629/0/
597,токарный станок по дереву,catalog/tokarnye-stanki-po-derevu/
598,трещётки,catalog/vorotki-privodi-treschetki/
599,акция,share/0/?utm_source=home_promo&utm_medium=header&utm_content=header-link&utm_campaign=akcia-best
600,schut,producer-1467/
601,круглогубцы,catalog/passatizhi-ploskogubcy/
602,тримера,search/?q=%f2%f0%e8%ec%ec%e5%f0
603,сибртех,producer-872/
604,трещотка,catalog/vorotki-privodi-treschetki/
605,hozelock,/producer-2378/
606,осциллограф,catalog/multimetry-testery/
607,удлинитель 2×2 5,catalog/udliniteli/
608,торцовка,catalog/torcovochnye-pily/
609,plast,/producer-2010/
610,мультиварка,catalog/multivarki/
611,texas,producer/texas/
612,сертификат,catalog/7-165/0/
613,мётчик 1 2,catalog/metchiki/
614,kolner,producer/kolner/
615,электросчётчик,catalog/schetchiki-jelektrojenergii/
616,oregon,producer/oregon/
617,lavor,/producer-2651/
618,гирлянд,catalog/girlyandy/
619,электрофуганок,catalog/osnastka-dlia-stankov/
620,паста,catalog/shlifovalnaya-pasta/
621,rgk,producer/rgk/
622,decor,producer/decor/
623,debever,producer/debever/
624,горелки,catalog/svarochnye-gorelki-rezaki/
625,сверло 1 7,catalog/sverla/
626,водонагреватель водонагреватель,catalog/5019-0/
627,шуруповерт p i t,catalog/akkumulyatornye-dreli-shurupoverty/
628,клейма,catalog/prochij-ruchnoj-instrument/
629,vortex,producer-806/
630,газоанализатор,catalog/Other-measuring-instruments/
631,тяпка,catalog/tyapki/
632,тяпка,catalog/vily-grably/
633,плоскорез,catalog/15-1134/
634,плоскорез,catalog/vily-grably/
635,паяльник паяльник для полипропиленовых труб,catalog/svarochnyj-apparat-dlja-plastikovyh-trub/
636,jung,/producer-2040/
637,dyson,producer/dyson/
638,термопара,catalog/termopary-dlya-izmeritelnykh-priborov/
639,asd,/producer-1615/
640,серпянка,catalog/serpjanka/
641,серпянка,catalog/vspomogatelnyi-maliarnyi-instrument/
642,jettools,producer/jettools/
643,makel,producer/makel/
644,саморез 4 2,catalog/samorezy/
645,саморез 4 2,catalog/samorezy-i-shurupy/
646,стул,catalog/mebel-kemping/
647,круг отрезной по металлу,catalog/otreznye-krugi-po-metallu/
648,минимойка,catalog/moiky-opryskivateli/
649,stern,producer/stern/
650,шестигранник,catalog/imbusovye-kljuchi/
651,unior,producer/unior/
652,пильный диск по дереву,catalog/krugi-pilnye-tverdosplavnye-po-derevu/
653,keter,producer/keter/
654,sturm,producer/sturm/
655,маркер,catalog/marker-razmetochnyj/
656,ввг 3×2 5,catalog/kabeli-vvg/
657,плиткорезы,catalog/ehlektro-plitkorezy/
658,santek,producer/santek/
659,knauf,/producer-2797/
660,радиоприемник,catalog/radio-stroitelnoe/
661,трещотка 3 4,catalog/vorotki-privodi-treschetki/
662,hummer,producer/hammer/
663,hummer,/producer-2619/
664,кислота,catalog/flus/
665,мотобур с,catalog/motobury/
666,стартер,catalog/startery/
667,мовильница,catalog/oborudovanie-dlya-goryuche-smazochnih-materialov/
668,klingspor,/producer-2272/
669,самара,shop/1/city-6300000100000/
670,hunter,producer/hunter/
671,лампы,catalog/lampy/
672,шило,catalog/shilia/
673,шило,catalog/prochij-ruchnoj-instrument/
674,стеклодомкрат,catalog/prisoski-vakuumnye-dlia-stecla/
675,стеклодомкрат,catalog/prochij-ruchnoj-instrument/
676,вихрь,producer/vihr/
677,кедр,producer/kedr/
678,gauss,producer-528/
679,макиты,producer/makita/
680,lemark,producer/lemark/
681,вантуз,catalog/vantuzi/
682,вантуз,catalog/instrumenty-santehnika/
683,qbrick,/producer-3277/
684,siemens,producer/siemens/
685,flex,/producer-1590/
686,бит,catalog/bity/
687,пушки,catalog/teplovye-pushki/
688,стремянки,catalog/stairs-ladders-towers/
689,фитинги,catalog/fitingy-pnevmaticheskiye/
690,пескоструй,catalog/peskostrujnije-pistoleti/
691,насадка,catalog/nasadki/
692,gefest,producer-1366/
693,металлоискатель,catalog/detektory/
694,аппарат,catalog/oborudovanie-dlya-remonta-kuzova/
695,шуроповерт,catalog/akkumulyatornye-dreli-shurupoverty
696,плашки,catalog/plashki/
697,лемакс,producer/lemaks/
698,zitrek,/producer-2429/
699,econ,producer/econ/
700,колодки,catalog/kolodki/
701,ffp2,catalog/respiratory-s-klassom-zashchity-ffp2/
702,dwt,producer/dwt/
703,topex,producer/topex/
704,oras,producer/oras/
705,наколенники,catalog/nakolenniki/
706,наколенники,catalog/rabochaia-obuv/
707,вороток,catalog/vorotki-privodi-treschetki/
708,транспортир,catalog/uglomery-uklonomery/
709,бра,catalog/bra/
710,nws,producer/nws/
711,фиолент,producer/fiolent/
712,крона,producer/krono/
713,тросорез,catalog/trosorezy/
714,трещеткой,catalog/vorotki-privodi-treschetki/
715,тример,search/?q=%f2%f0%e8%ec%ec%e5%f0
716,мастер,producer/master/
717,гидроуровень,catalog/urovni-puzyrkovye/
